Name,Category,Date,Description,Ended,Last Edited,Result,Tags,Year level
Card 1,,,,,"January 15, 2021 9:37 PM",,,
Card 2,,,,,"January 15, 2021 9:37 PM",,,
Card 3,,,,,"January 15, 2021 9:37 PM",,,
Smart Trash Bin | Contestant for the Regional Science Fair,Lego - EV3 Robotics,"March 8, 2017",3 kinds of sensors. I forgot what it was. It was a useless innovation. It was my first. LOL!,,"April 29, 2021 1:36 AM",Experiences,Science Investigatory Project,🥚 Grade 7
Robotics | Lapu-Lapu Division | First Lego League,Lego - EV3 Robotics,,W earl and james,"August 25, 2016","November 28, 2021 12:00 AM",Experiences,World Robotics Olympiad,🥚 Grade 7
English Quiz Qowl | Marigondon National High School,Academic Achievement,"February 21, 2017",Jerel carried us LOL,,"April 29, 2021 12:51 AM",Winner,Contests,🥚 Grade 7
Web Design Contest | Met Microsoft PH Ambassador,Code - WebDev,"December 2, 2016",Sir Glenn Laping,,"December 2, 2021 7:45 AM",Experiences,Code - Contests,🥚 Grade 7
Jazzy-not-so-hits | Created Music,Music,"February 18, 2017",Used Garageband's presets. LOL!,,"April 29, 2021 1:39 AM",Creation,Learning with a reference,🥚 Grade 7
Multiple Awards | Benthel Grade 6 Graduation → JHS,,,,,"November 23, 2021 8:06 PM",,,🥚 Grade 7
"Plutus: The Money Game | Financial Literacy Innovation Challenge (PD x CLFI) ",Contests - Product Design,"April 26, 2021",Contest with the Boys,"May 21, 2021","October 10, 2023 7:06 PM",Winner,Hackathon,➕Grade 11
RiSE - Vaccination Platform | Google Solutions Challenge 2021,,"January 14, 2021","Worked with UP. Arlan German, Gwen Chiu, Vincent Baguio.","April 1, 2021","June 29, 2022 8:01 PM",Ongoing,,➕Grade 11
Grand Champion | National Science and Engineering Fair 2020 | Science Research Video,Contests - Product Design,"October 11, 2020",1st Competition in STEC,"November 18, 2020","July 27, 2021 2:59 AM",Winner,Stat - Your Virtual Clinic,➕Grade 11
The Death of Dragonspine | Genshin Impact Winter Fan-art Contest,Art - Digi-Traditional,,Won blessing of the welkin moonlight (by GI staff),,"October 9, 2021 8:37 PM",Winner,Art - Contests,➕Grade 11
"The Butterfly Effect - A Health 
Reminder Bot for Microhabits 
in Discord | Google Hackfest 2020 | First Hackfest",Code - Bots,,Stayed up all night,"November 24, 2020","November 16, 2021 10:18 PM",Product,The Butterfly Effect,➕Grade 11
Social Innovation in Health Initiative | 1st Runner up for SIHI,Contests - Product Design,,https://mail.google.com/mail/u/0/#sent/KtbxLrjRjRbxgLBWhnJXcnXNKFMNbQwHSB,"January 30, 2021","November 17, 2021 5:08 AM",Learnings,Stat - Your Virtual Clinic,➕Grade 11
The Terraces of Wonder | Procreate App Logo Redesign | First Dribble Post,Art - Digi-Traditional,"December 5, 2020",Used AI and learned the terraces effect,,"October 9, 2021 8:33 PM",Learnings,Art - Contests,➕Grade 11
PRESS ON: Establishing Progressive Student Journalism | Campus Journalism Masterclass 2020,,,,,"October 9, 2021 8:34 PM",,,➕Grade 11
Learned Kotlin | Android Study Weekend 2020,Code - WebDev,"December 6, 2020",While Playing DOOM: Eternal,,"October 9, 2021 8:34 PM",Learnings,Learning with a reference,➕Grade 11
Trivia Winner | Google Developers Student Club USTP - Code and Blockbuster,,,,,"October 9, 2021 8:35 PM",Winner,,➕Grade 11
VopCap X-Mas Party | With the Game Industry's Top Voices,,,,,"April 29, 2021 2:25 AM",,,➕Grade 11
Enrolled in STEC | 11 STEM Mendeleev,School - Paper Research,"September 20, 2020",,"July 1, 2021","November 16, 2021 11:56 PM",Learnings,School - 11 MNDLV (Senior High),➕Grade 11
Completed #GCPinas | Google Cloud Platform Courses,Code - Cloud Engineering,"December 30, 2020",Spent days working w Nickie,"January 8, 2021","November 17, 2021 3:07 AM",Learnings,Google Event - Codelabs,➕Grade 11
(Finally) Upgraded my P.C,,,,,"January 16, 2021 12:06 AM",,,➕Grade 11
Created a White Polo Filter used by thousands | SnapCam & Lens Studio,3D - Custom Filters,"October 4, 2020",Slapped a png!,,"June 10, 2025 3:56 PM",Viral,Learning with a reference,➕Grade 11
HuoyTheDoge Sticker Park | For Signal.app,,,,,"April 29, 2021 2:27 AM",,,➕Grade 11
Profanity Filter | Google Chrome Extension | Code Practice,Code - WebDev,"January 16, 2021",A Chrome Extension,,"April 29, 2021 2:27 AM",Product,Learning with a reference,➕Grade 11
Stat for The Next Bright Idea | Design & Business Pitch,Contests - Product Design,,Stat for Design \ TeenBuck for Business,,"May 20, 2021 9:06 AM",Experiences,UI/UX Design,➕Grade 11
Asenso Pilipinas: Building Digital Resilience - Skilling for Students,Webinars - Growth,"January 28, 2021",Hosted by Microsoft / Azure,,"February 13, 2021 11:12 PM",Learnings,Career Growth,➕Grade 11
"#FSHQPosterMaking2021 | Full Stack HQ 15-min art-ing ",Art - Digi-Traditional,"February 7, 2021",Made with Figma and Illustrator (and on impulse),,"April 29, 2021 2:28 AM",Experiences,Art - Contests,➕Grade 11
Created VacAppointment Chatbot (setting expectations),Code - Add ons,"February 8, 2021",For expectation setting of DialogFlow prod (for Google Solutions Challenge 2021),,"February 7, 2021 10:57 AM",Learnings,Code - Chat bots,➕Grade 11
#30DaysOfFlutter,Code - Mobile Dev,"February 17, 2021",,,"February 17, 2021 7:02 AM",Learnings,Google Event - Codelabs,➕Grade 11
Kaisa Illustration | Monthsary,Art - Digi-Traditional,"March 8, 2021",Nickie told me about her new fave cartoon chara yesterday,,"April 29, 2021 1:57 AM",Creation,Art - Appreciation,➕Grade 11
Couriers-turned-warriors: A Closer Inspection into the Adherence of Safety Protocols by Food Couriers during CoViD-19 | A Successful Qualitative Research Paper,School - Paper Research,"February 22, 2021",95 / 100 average grade | Acar 95; Quilantang 95; Joseph Palomar 94;,,"July 4, 2021 2:01 AM",Product,Research Paper,➕Grade 11
Reading in between the lines | Animated Short about Children born in Prison | National Arts Month Celebratino,Art - Animation,"November 21, 2020",Plot twist - about children born in prison,"February 22, 2021","November 16, 2021 11:59 PM",Product,Assignments - 11 SHS,➕Grade 11
Microsoft Azure Virtual Hackathon 2021 | The Butterfly Effect - Lite,Code - WebDev,"February 24, 2021",TBE_Lite - 0.1.5,,"April 29, 2021 2:29 AM",Learnings,Code - Contests,➕Grade 11
AVP Teaser | For Certified Voice Artist Program Batch 6,Art - Animation,"March 2, 2021",Approached by Ate Claire to create an AVP Teaser in exchange for a course certifying me an ID to be part of the PH's official Voice Over acts,"April 18, 2021","November 17, 2021 2:50 AM",Learnings,Voice - VO Course,➕Grade 11
Gumroad - #14DaysChallenge,,,,,"March 7, 2021 9:49 PM",,,➕Grade 11
SocMed Package for Bisdato PH,Art - SocMed,"January 5, 2021",Commissioned by Ate Shan Tai,,"April 29, 2021 2:30 AM",Commissions,Art - Money,➕Grade 11
Ranked 1 [With High Honors] - 1st Sem STEC SHS,School - Paper Research,"March 31, 2021",first time,,"April 6, 2021 11:42 PM",Winner,School - 11 MNDLV (Senior High),➕Grade 11
"""Purpose"" | Art Tribute to Sir Ken Robinson",Art - Digi-Traditional,"March 9, 2021",,,"April 29, 2021 2:30 AM",Creation,Art - Appreciation,➕Grade 11
Certified Voice Artist | Kho.Voice,Voice - CVAP,"April 10, 2021",Batch 6 | Carl Kho 21-00251,,"April 27, 2021 4:21 AM",Learnings,Career Growth,➕Grade 11
#RazerStreamer | Affliated Streamer 2020,Gaming - Streaming,"April 12, 2021",,,"April 29, 2021 2:30 AM",Experiences,Creator Moment,➕Grade 11
The Art of Trying,,,,,"April 20, 2021 1:11 AM",,,➕Grade 11
World Tsunami Awareness Day (WTAD) 2020: Digital Poster-Making Contest,Art - Digi-Traditional,"November 23, 2020",,,"April 27, 2021 4:14 AM",Learnings,Art - Contests,➕Grade 11
Korean Cultural Center | 10th Anniversary Logo Rebrand Contest,,,,,"April 29, 2021 2:34 AM",,,➕Grade 11
30 Days of Flutter | Participant,Code - Mobile Dev,"May 8, 2021",I didn't do anything,,"May 8, 2021 10:01 AM",Learnings,Google Event - Codelabs,➕Grade 11
Host | Google Chrome Dev Summit 2021 Cebu Extended,Host - Virtual Events,"February 27, 2021",Volountold by Ate Franchette. Casual host w kuya JP.,,"April 29, 2021 2:34 AM",Experiences,Google Event - Organizer,📅 Weekend Projects
,,,,,"January 30, 2021 10:10 PM",,,
Zelus | The Tactical Seer of RavenTown 👀,,,,,"January 15, 2021 9:40 PM",,,🧰 Archive
Ranking Data | Excel Fil_Most Common Words,Excel - Data,"January 26, 2021",https://www.extendoffice.com/documents/excel/4800-excel-rank-occurrences.html,,"January 26, 2021 8:23 AM",Learnings,Assignments - 11 SHS,🧰 Archive
"Twitter, right?",,,,,"January 29, 2021 9:04 PM",,,🧰 Archive
Discovered Spline,,"February 8, 2021",,,"February 7, 2021 10:55 AM",,,🧰 Archive
PH Reps | World Robotics Olympiad | Invitationals,,,,,"May 4, 2022 6:29 AM",,,🐤Grade 9
Google Science Fair | New Idea Certificate of Recognition,,"May 13, 2019",,,"November 23, 2021 8:03 PM",,,🐤Grade 9
SM Cyber Month | Featured for a Robotics Exhibitions Match,Lego - EV3 Robotics,"August 19, 2018",,,"October 9, 2021 8:36 PM",Experiences,,🐤Grade 9
"""Dirt-E Battery"" | Regional Science Fair 2018",School - Paper Research,"November 9, 2018",Dirt-E Battery,,"December 19, 2021 3:29 AM",Winner,Science Investigatory Project,🐤Grade 9
Dirt-E Battery | Pasigarbo 2018,School - Paper Research,"December 7, 2018",Give thanks to the winners of LLC. Recognized for Innovation Expo.,,"April 29, 2021 1:19 AM",Winner,Science Investigatory Project,🐤Grade 9
RoboSoccer LLC Division Winners | Philippine Robotics Olympiad,Lego - EV3 Robotics,"August 1, 2018","First nationals with Ronmarc, Franz, Jay, Caballes, and Kate. ",,"April 29, 2021 1:23 AM",Winner,World Robotics Olympiad,🐤Grade 9
3rd Runner Up | Mr and Ms Communication 2018,,,,,"April 29, 2021 1:59 AM",,,🐤Grade 9
Photojournalist | Regional Schools Press Conference 2018 @ Balamban,,,,,"April 29, 2021 2:07 AM",,,🐤Grade 9
Master of Ceremony | MNHS Moving Up 2018,,,,,"April 29, 2021 1:59 AM",,,🐤Grade 9
Led a Field Research to FreCre Inc. | Salinlahi Game Jam 2018,,,,,"April 29, 2021 1:59 AM",,,🐤Grade 9
DitF Tribute Animation | Awarded & Viral on Reddit,,,,,"April 29, 2021 2:00 AM",,,🐤Grade 9
Neon Portrait Photography Workshop with Charisma Lico,Photography,"August 14, 2018",,,"April 29, 2021 2:00 AM",Learnings,Connection with a famous artist,🐤Grade 9
Captain of PH Team for RoboSoccer @ Hungary | World Robotics Olympiad 2019,Contests - Development,"September 11, 2019","2 bots. 1 Infrared ball. ","November 10, 2019","June 10, 2025 3:57 PM",Experiences,Code - Contests,🐓Grade 10
Saludo sa Kabataan Academic Excellence Award 2020 | SK Basak,Local Recognition,"August 10, 2020",Got cash wiee,"August 11, 2020","June 10, 2025 3:58 PM",Winner,Academic Excellence,🐓Grade 10
Champion | Mr. Communication 2019,,,,,"April 29, 2021 2:01 AM",Winner,,🐓Grade 10
World Robotics Olympiad at Hungary,Contests - Development,"April 20, 2016","2 bots. 1 Infrared ball. ","September 11, 2019","January 7, 2023 1:12 PM",Experiences,Code - Contests,🏆 Significant Awards
"Project CliMax: Abstinence for Change | Stood up for a Social cause @ Oceania ",,,,,"April 29, 2021 2:01 AM",,,🐓Grade 10
Short Story Contestant | NatGeo: Planet or Plastic,,,,,"April 29, 2021 2:05 AM",Learnings,,🐓Grade 10
Led the same-day vlog team | Nestle Wellness Campus Champions,,,,,"April 29, 2021 2:06 AM",Winner,,🐓Grade 10
Segment Host | ARCHon 2019,Host - Physical Events,"November 7, 2019",,"November 7, 2019","November 16, 2021 8:59 PM",Experiences,Cultured Events,🐓Grade 10
1st Runner Up | PhilHealth Quiz Bowl,Academic Achievement,"October 29, 2019",Technically 2nd. Outdated study materials.,,"April 29, 2022 12:19 PM",Winner,Local Contest,🐓Grade 10
Editor-in-Chief | Regional Schools Press Conference 2019 @ Mandaue,,,,,"November 23, 2021 8:10 PM",,,🐓Grade 10
Top 20 Finalist | LLC Ahong Chan Logo Contest,,,,,"April 29, 2022 12:21 PM",Experiences,,🐓Grade 10
Attended Cebuano Youth Association 2019,,"December 14, 2019",,,"April 29, 2022 12:16 PM",,,🐓Grade 10
Graduated from Junior High | Marigondon National High School,,,,,"December 19, 2021 3:31 AM",,,🐓Grade 10
3rd Place | Extemporaneous Speaking,,,,"November 11, 2019","November 23, 2021 8:09 PM",,,🐓Grade 10
Drive | Drive Safely - S.I.P,School - Paper Research,"September 22, 2019",Uncle Lennon coded for me xD,"September 23, 2019","December 19, 2021 3:16 AM",Creation,Science Investigatory Project,🐓Grade 10
First Freelance - Branding | University of the Philippines' SSG,,,Through John Kyle Enero,,"April 29, 2021 2:08 AM",,,🐓Grade 10
"One-to-one interview with Ahong Chan, Mayor of Lapu-Lapu City | School Papers",,,,,"July 24, 2021 5:44 AM",,,🐓Grade 10
Photowalk | Nikon with Nickie,,"September 28, 2019",,,"November 23, 2021 8:09 PM",,,🐓Grade 10
"Poster won and exhibited at Robinson's Galleria | ""Adopt, don't shop"" | SWU-PHINMA's Poster Contest ",,,,,"April 29, 2021 2:11 AM",,,🐓Grade 10
CAT Certificate Proposal,,,,,"April 29, 2021 12:41 AM",,,🧰 Archive
Tasked to create a simple robot for Vicente Sotto | Aide in patients with COVID,Robotics - Arduino,"March 3, 2020","Worked with Dr. Bryan, Dra. Nora, Dr. Renzel, and Engr. Terence","March 21, 2020","December 19, 2021 3:26 AM",Ongoing,Science Investigatory Project,🐓Grade 10
"""Fatar"" 3D Mushroom Character | Tribute for Maplestory 2",,,,,"April 29, 2021 2:12 AM",,,🐓Grade 10
"""Le Zombi, Nickie"" Photo Manipulation | Half-anniversary",,,,,"April 29, 2021 2:12 AM",,,🐓Grade 10
"Finished Kurzgesagt | After Effects Animation Course ",,,,,"April 29, 2021 2:13 AM",,,🐓Grade 10
Launched HuoyTheDoge with bae,,,,,"January 15, 2021 11:19 PM",,,🐓Grade 10
Sumobot | Contender for Regional Science Fair Robotics (3KG),Lego - EV3 Robotics,"October 19, 2019","We went to Hoops Dome to practice for WRO Soccer. But we hitched for a game and won second instead. Beat by Sir Terence, our master of course. ",,"April 29, 2021 12:41 AM",Winner,Local Contest,🐓Grade 10
The LLC Times | Covered a car crash disaster,Journalism,,,,"April 29, 2021 2:13 AM",Viral,,🐓Grade 10
Champion of STEAM Robotics Cup | Everyday Solutions,Lego - EV3 Robotics,"November 12, 2017",I was interviewed by CNN but my mom forgot to photograph it.,,"April 29, 2021 1:04 AM",Winner,Science Investigatory Project,🐣 Grade 8
Speaker at Arduino Code Camp | DevCon (I.O.T),Experiences - Tech Events,"August 18, 2018","Daryl just enumerated parts. I was just, randomly presenting. ",,"December 6, 2021 9:57 PM",Experiences,Google Event - Codelabs,🐣 Grade 8
"""Sunflow3r"" Lego Solar Tracker | DepEd Division SciFair",Lego - EV3 Robotics,"October 6, 2017","An Lego EV3 Solar Tracker | Name suggestion by Sir Adem. ","November 12, 2017","November 23, 2021 7:53 PM",Learnings,Science Investigatory Project,🐣 Grade 8
Intergalactic Frog,,,,,"April 29, 2021 1:09 AM",,,🧰 Archive
"""Bahiya"" Photograph Recognition | Lapu-Lapu City's SOSA",Photography,,Sent by Princess Bigar (SSG),,"April 29, 2021 1:12 AM",Experiences,Art Recognition,🐣 Grade 8
Google I/O Extended 2018,Experiences - Tech Events,"July 21, 2018","With Arlan, Jerel, and Daryl. Won an Android Bag.",,"April 29, 2021 1:40 AM",Learnings,Google Event - Codelabs,🐣 Grade 8
Brewers Photography Contest,,,,,"April 29, 2021 1:57 AM",,,🧰 Archive
Memes | Reacted by Razer,Art - SocMed,"May 8, 2017",Razer gave a free lancehead to a meme made. So I followed through,,"April 29, 2021 1:58 AM",Creation,Art Recognition,🐣 Grade 8
2nd Place | Group Math Sayaw,,,,,"November 23, 2021 8:01 PM",,,🐣 Grade 8
4th Place | Infomercial Competition,,,,,"November 23, 2021 8:01 PM",,,🐣 Grade 8
Simala Sanctuary de Cebu | Winner + Media Exposure,Art - Photo Manipulation,"April 1, 2020",2x GMA | 1x ABS-CBN | 5 News Articles,"July 8, 2020","March 21, 2025 12:36 PM",Winner,Local Media Exposure,🏆 Significant Awards
"Plutus: The Money Game | Financial Literacy Innovation Challenge (PD x CLFI) ",Contests - Product Design,"April 26, 2021",Contest with the Boys,"May 18, 2021","March 21, 2025 12:36 PM",Winner,Hackathon,🏆 Significant Awards
Dump.waste | Climate Hack 2021,Contests - Product Design,"March 17, 2021",Trash Mapping,"May 10, 2021","November 25, 2021 10:50 PM",Experiences,Art - Contests,🏆 Significant Awards
The Butterfly Effect | Kabataang Usapang Isipan: Mental Health Research Competition,Contests - Development,"April 22, 2021","Given by Sir Adem. Members: Nickie, Kyla Shane, Daryl, Ghudz","May 13, 2021","November 24, 2021 5:47 AM",Product,The Butterfly Effect,🏆 Significant Awards
Hosting Chrome Dev Summit 2021 Cebu Extended,Host - Virtual Events,"February 27, 2021",Volountold by Ate Franchette. Casual host w kuya JP.,,"April 27, 2021 3:40 AM",Experiences,Google Event - Organizer,🏆 Significant Awards
Overwatch SEA Map Design Competition | Simala Sanctuary de Cebu | Winner + Media Exposure,Art - Photo Manipulation,"July 8, 2020",2x GMA | 1x ABS-CBN | 5 News Articles,"June 12, 2020","May 15, 2022 6:19 AM",Winner,Local Media Exposure,🦠 Quarantine 2020
One Gadget One Child | Volunteered to be the Creative Lead,Volunteering - Design,"June 6, 2020","Approached Ate Lenli upon seeing their initial poster. ","March 6, 2021","May 8, 2022 11:16 AM",Experiences,,🦠 Quarantine 2020
Stat - Your Virtual Clinic | SF Tech UX Competition,Contests - Product Design,"July 21, 2020",First ever.,"September 12, 2020","December 19, 2021 3:25 AM",Winner,Stat - Your Virtual Clinic,🦠 Quarantine 2020
"Nationwide In-clinic Implementation of Poster made for Abbott Laboratories | ""Power of 3""",Art - Digi-Traditional,"October 31, 2020",Original Design below,,"October 9, 2021 8:25 PM",Winner,Creator Moment,🦠 Quarantine 2020
"Recognized by Congresswoman Paz Radaza | ""It's a Mask"" poster making competition | The Freeman Newspaper Feature",Art - Digi-Traditional,"October 7, 2020",Visited by Radaza personally,,"October 9, 2021 8:25 PM",Winner,Art - Contests,🦠 Quarantine 2020
Top 10% of Junior Breakthrough Challenge | Explained the Pathopysiology of CoViD-19,,,,,"April 30, 2021 12:41 AM",,,🦠 Quarantine 2020
Developed E-Commerce Site for the Atlantic Hardware | WordPress,Freelance - Design,"May 5, 2020",Ian Alcuino,"August 26, 2020","November 16, 2021 11:03 AM",Creation,Wordpress - Elementor,🦠 Quarantine 2020
Champion of the New Normal Poster Contest | Department of Information and Communications Technology (DICT),Contests - Product Design,,"Sent wrong entry | DICT Field Operations Office Region VII and VIII, Visayas Cluster 2","June 30, 2020","November 24, 2021 6:08 AM",Winner,Art - Contests,🦠 Quarantine 2020
Symph Internship | Invited by Albert Padin & Lenli Tuhoy,,"August 19, 2020",,,"November 24, 2021 6:09 AM",Ongoing,,🦠 Quarantine 2020
Rhyme Designs Branding | Client from Kenya,,,,,"April 29, 2021 2:15 AM",,,🦠 Quarantine 2020
Photojournalist | Lapu-Lapu SportsFest 2020 @ Mactan Airbase,Photography,"February 13, 2020",With Ma'am Keith in Mactan Airbase,,"April 29, 2021 2:19 AM",Experiences,Career Growth,🦠 Quarantine 2020
Photography Contest | Wiki Loves Earth PH,,,,,"April 29, 2021 2:16 AM",,,🦠 Quarantine 2020
Invited for TedX Cebu's Monthly TED Circle by Kuya Bryant,,,,,"July 24, 2021 5:23 AM",,,🧰 Archive
Timr | First Android App Coded with designcourse,,,,,"January 15, 2021 11:14 PM",,,🦠 Quarantine 2020
http://tyn.py | First Python App,,,,,"April 29, 2021 2:17 AM",,,🦠 Quarantine 2020
"Recognized by Hon. Radaza for ""It's a Mask"" poster making competition + The Freeman Newspaper Feature",Art - Digi-Traditional,"September 22, 2020",Visited by Radaza personally,"October 7, 2020","June 10, 2025 3:45 PM",Winner,Art - Contests,🏆 Significant Awards
Stat - Your Virtual Clinic | Multi-awarded Innovation,Contests - Product Design,"September 1, 2020",Compilation of all awards won by Stat,,"May 14, 2025 10:49 PM",Winner,Stat - Your Virtual Clinic,🏆 Significant Awards
500 Subscribers | YouTube Channel Growth,,,,,"April 29, 2021 2:19 AM",,,🦠 Quarantine 2020
"""Starry Night"" in Minecraft | Anniversary Art",,,,,"April 29, 2021 2:20 AM",,,🦠 Quarantine 2020
HyperX Cloud Stinger | Bought with personal savings,,,,,"April 29, 2021 2:20 AM",,,🦠 Quarantine 2020
Awarded & Viral Photo Manipulation of a Black PS5 | Reddit,,,,,"April 29, 2021 2:20 AM",,,🦠 Quarantine 2020
Part of Artist Alley Cebu | Cover Page,,,,,"April 29, 2021 2:20 AM",,,🦠 Quarantine 2020
HuoyTheDoge | Sticker Pack for Instagram,,,,,"April 29, 2021 2:21 AM",,,🦠 Quarantine 2020
Made my portfolio page with Wix,,,,,"April 29, 2021 2:21 AM",,,🦠 Quarantine 2020
Cinecom Gills Fortnite Dance Meme featured in IG,,,,,"May 2, 2021 12:55 AM",,,🦠 Quarantine 2020
Logodesigns for John Kyle,Freelance - Design,"June 1, 2020",2nd gig from JK,"August 5, 2020","November 16, 2021 11:07 AM",Commissions,Logo and Branding,🦠 Quarantine 2020
Laissez-faire Piracy:  A Borderless World Within,School - Paper Research,"February 27, 2020",Copied Aninon piracy topic,,"December 19, 2021 3:19 AM",Creation,Research Paper,🐓Grade 10
"Klassroom | App for 4th Q English Research ",,,,,"December 19, 2021 3:54 AM",,,🐓Grade 10
Full-time Product Designer at Symph,Symph - Full Time,"July 28, 2021",Albert brought it up and encouraged me to negotiate. Very sweet!,"July 30, 2021","July 30, 2021 8:57 PM",Experiences,Career Growth,💉 Quarantine 2021
Limited cards displayed here since everything is confidential under the Non-Disclosure Agreement,,,,,"March 17, 2021 8:41 AM",,,🐱‍💻 Symph
The Butterfly Effect | Integration in Symph,Code - Bots,"March 16, 2021",,,"April 29, 2021 2:21 AM",Creation,The Butterfly Effect,🐱‍💻 Symph
Recipient of the Symph Excellence Award | Symph Day 2020,Host - Virtual Events,,Got this just 2 months in,,"April 29, 2021 2:21 AM",Winner,Career Growth,🐱‍💻 Symph
Resume for a future Senator | Bryant,Freelance - Design,"October 10, 2020",https://www.figma.com/file/4BDUkUAVics7kQfcd0bFq0/Resume-for-Sen.-Bryant?node-id=0%3A1,,"April 29, 2021 2:22 AM",Product,Design - Commission,🐱‍💻 Symph
TBE - Lite | A Chrome Extension,Code - Add ons,,Browesrified,,"April 29, 2021 2:21 AM",Product,Creator Moment,🐱‍💻 Symph
Got my Symph Jacket,,,,,"January 15, 2021 11:23 PM",,,🐱‍💻 Symph
Made Hero Poster for gussy.design,,,,,"January 15, 2021 11:37 PM",,,🐱‍💻 Symph
Playlist Iterator for TBE,,,,,"January 15, 2021 11:47 PM",,,🐱‍💻 Symph
Replicated AirPods Site in Webflow,,,,,"February 12, 2021 3:14 AM",,,🐱‍💻 Symph
ZaiTheKai | Webflow reaching out,,,,,"March 17, 2021 8:20 AM",,,🐱‍💻 Symph
Creative Director | CTOs Discuss of Omniquotient,,,,,"June 19, 2021 7:24 AM",,,🐱‍💻 Symph
Symph Mid-year teambuilding | 2021,,"July 1, 2021",Laughing and productivity!,"July 2, 2021","July 4, 2021 1:40 AM",Experiences,,🐱‍💻 Symph
Hosting my first Design Feedback Session with fresh Symphterns,Design - Feedback Giving,"July 16, 2021",Road to senior designer!,"July 17, 2021","July 19, 2021 9:07 AM",Experiences,Omniquotient,🐱‍💻 Symph
OQ Team Challenges - Landing Page,Symph - Internship,"July 16, 2021",Led this project with 6 university interns,"July 19, 2021","July 22, 2021 11:12 PM",Creation,Omniquotient,🐱‍💻 Symph
OQ Course Monetization - Landing Page,Symph - Internship,"July 14, 2021",I became confident with Webflow here,"July 28, 2021","July 27, 2021 10:13 PM",Creation,Omniquotient,🐱‍💻 Symph
Glory Reborn Newsletter Designer,Symph - Internship,"September 2, 2020",,,"July 22, 2021 11:22 PM",Ongoing,Glory Reborn,🐱‍💻 Symph
OQAdemy - Landing Page,Symph - Internship,"July 21, 2021",Implemented design Hazel Kasey\,,"July 27, 2021 3:01 AM",Creation,Website,🐱‍💻 Symph
Symph Solutions Challenge: Sales Edition,Contests - Development,"August 21, 2021","Joshua, Gian, & Leonard. Forms → slides solution (SymphOS → Pitchdeck Slides) && Leads centralized to Linear automation","August 21, 2021","August 21, 2021 9:19 AM",Winner,Hackathon,🐱‍💻 Symph
Branchify Instant Ad - Scriptwriting,Symph - Full Time,"August 27, 2021",,"August 30, 2021","August 29, 2021 8:35 PM",Creation,Marketing,🐱‍💻 Symph
Branchify - Website Redesign,Symph - Full Time,"August 3, 2021",,"September 9, 2021","October 2, 2021 1:04 AM",Creation,Webflow,🐱‍💻 Symph
🎨 Legend of Korra FanArt Contest | BoxLunch,Art - Digi-Traditional,"January 24, 2021",Zhu li!,,"April 29, 2021 2:35 AM",Ongoing,Art - Contests,📅 Weekend Projects
💌 LSM Generator | WebDev Creations,Code - WebDev,"February 14, 2021",https://lsm-generator.netlify.app/,,"April 29, 2021 2:35 AM",Product,WebDev - Troll,📅 Weekend Projects
Global Student Prize | Chegg & Varkey Foundation,Writing - Awards,"April 26, 2021",Nominated by Sir Acar,,"October 24, 2021 10:02 AM",Ongoing,Contests,➕Grade 11
The Butterfly Effect | Kabataang Usapang Isipan: Mental Health Research Competition,Contests - Development,"April 22, 2021","Given by Sir Adem. Members: Nickie, Kyla Shane, Daryl, Ghudz","May 13, 2021","September 15, 2021 6:21 PM",Experiences,The Butterfly Effect,➕Grade 11
Dump.waste | Climate Hack 2021,Contests - Product Design,"March 17, 2021",Trash Mapping,"May 10, 2021","May 20, 2021 9:15 AM",Experiences,Art - Contests,➕Grade 11
The art of trying | Voice of the Youth Network | Radio Feature | Episode 44,Voice - CVAP,"May 15, 2021","Conversational. Talked about WRO, Overwatch, TBE, and D.W! #TheArtofTrying","May 15, 2021","May 20, 2021 9:16 AM",Viral,Featured,➕Grade 11
The Cell World | 3D Cell App,3D - Application,"June 2, 2021",Teamed with Daryl and Shaynvil,"July 12, 2021","August 23, 2021 3:01 AM",Product,ThreeJS,➕Grade 11
Captain Barbell and Darna | Makati Dev Corp,Art - Photo Manipulation,"June 8, 2021",Finally back. Pretty satisfied.,"June 10, 2021","September 1, 2021 1:37 AM",Commissions,Art - Money,➕Grade 11
Branding for STEC's - Barkada Kontra Droga | Junior Police,,,,,"June 17, 2021 9:21 PM",,,➕Grade 11
"Kuan Kanang: Ang Pagsusuri ng mga Bisayang
Tagapuno sa pang-araw-araw na Diskurso",School - Paper Research,"March 24, 2021",Kuan and Kanang research,"June 24, 2021","June 23, 2021 11:48 AM",Creation,Research Paper,➕Grade 11
Designed VOTY Awards 2021 Logo,Volunteering - Design,"July 7, 2021",Accepted task on a whim — was tired of facing text (research + RWS Cover Letter,,"July 7, 2021 3:56 AM",Creation,Voice of the Youth Network,➕Grade 11
"Quantitative Research Paper | Stressors and Stress Coping Strategies on Online Learning among Senior High School Students during COVID-19 (Kho et. al., 2021)",School - Paper Research,"July 18, 2021",Energy management turned Stress ;-;,"July 10, 2021","July 9, 2021 8:18 PM",Creation,Research Paper,➕Grade 11
Pinning the blame of my success on Social Media,Writing - Online Articles,"April 15, 2021",Approached by sir Dom,"April 29, 2021","November 16, 2021 11:54 PM",Creation,Knowledge Sharing,➕Grade 11
DepEd Feature - TechTalks PH,Local Recognition,"July 27, 2021",Invited by Tr. Ruby & Sir Laping,"August 28, 2021","October 7, 2022 2:41 PM",Viral,Local Media Exposure,💉 Quarantine 2021
TheoLearn | Co-founder; Chief Design Officer,,"July 20, 2021",Co-founder; Chief Design Officer,,"July 28, 2021 10:54 AM",Product,,💉 Quarantine 2021
Hosting https://www.facebook.com/gdgcebuorg/videos/370719087916477,Host - Virtual Events,"July 28, 2021",Also proposed my idea as the next event's speaker (Webflow/Flutterflow),"July 31, 2021","August 29, 2021 1:15 AM",Experiences,Google Event - Organizer,💉 Quarantine 2021
Filipheroes | Captain Barbell and Darna,Art - Photo Manipulation,,Rush comms,"June 10, 2021","November 16, 2021 12:31 PM",Commissions,Design - Commission,💉 Quarantine 2021
Promo Video + VO | The Workbooth,Volunteering - Design,"July 19, 2021",First = Promo Video,"July 27, 2021","October 9, 2021 8:33 PM",Experiences,Poverty Alleviation,💉 Quarantine 2021
Garbong Basakanon Awards 2021,Writing - Awards,"July 13, 2021",Mama help Essay. Awesome praises from Ma'am Zap + Sir Gerb.,,"October 16, 2021 11:51 PM",Ongoing,Local Contest,💉 Quarantine 2021
DOST-TAPI Sanaysci,Writing - Awards,"July 18, 2021",Light-hearted anecdote,"July 30, 2021","October 9, 2021 8:33 PM",Experiences,World Robotics Olympiad,💉 Quarantine 2021
Fascinating Features | Marketing Creative,Freelance - Design,"July 16, 2021",Role: Marketing Creative,,"October 9, 2021 8:33 PM",Creation,Design - Branding,💉 Quarantine 2021
AndyBot,Code - Bots,"July 15, 2021",https://github.com/carlkho-cvk/andyBot,"July 23, 2021","July 27, 2021 3:02 AM",Creation,Code,💉 Quarantine 2021
Kuan Kanang - Buwan ng Wika feature + Certs @ culminating event,School - Paper Research,"August 27, 2021",,"August 27, 2021","August 27, 2021 12:01 AM",Winner,Research Paper,💉 Quarantine 2021
Lau - Atoang Puhon | Album Cover,Volunteering - Design,"April 23, 2021","Helping out Lau

Members:
Gaea
Cyra
Ashtrid
Aureo (??)",,"April 29, 2021 2:41 AM",Product,Art - Appreciation,📅 Weekend Projects
TBE_Lite - Reminder Extension,Code - WebDev,"February 1, 2021",Made on impulse. For HMW. Inspired by https://twitter.com/Charvalton/status/1356051799417835520,,"February 11, 2021 6:41 AM",Product,Learning with a reference,📅 Weekend Projects
RiSE - Google Solutions Challenge 2021,Contests - Product Design,"January 14, 2021",with UP - Arlan Gwen Vincent,"July 21, 2021","July 24, 2021 10:05 PM",Learnings,Hackathon,📅 Weekend Projects
Phoenix Valorant | Photo Manipulation,Art - Photo Manipulation,"March 2, 2021",Link to MY post https://web.facebook.com/groups/RiotTacticalFPS/permalink/775039309783100/,,"March 21, 2021 3:23 AM",Viral,Art - Appreciation,📅 Weekend Projects
Clubhouse Creator Prize (Taglish),Clubhouse - Contests,"May 15, 2021",From Startup PH. First time using Clubhouse,,"September 21, 2021 9:14 PM",Experiences,Code - Contests,📅 Weekend Projects
"r/covid → Twitter bot ",Code - Bots,"August 25, 2021",,,"August 24, 2021 11:46 PM",Ongoing,Python Projects,📅 Weekend Projects
gesture → sticker for Online Class,Computer Vision,"August 27, 2021",https://discord.com/channels/701041734389334036/701041734825803816/880638796801126472,,"September 3, 2021 7:54 PM",Ongoing,Python Projects,📅 Weekend Projects
"""Dirt-E Battery"" | Regional Science Fair 2018",School - Paper Research,"November 9, 2018",Dirt-E Battery,"May 14, 2019","March 21, 2025 12:37 PM",Winner,Science Investigatory Project,🏆 Significant Awards
Reading in between the lines | Animated Short,Art - Animation,"November 21, 2020",Plot twist - about children born in prison,,"October 10, 2021 7:05 PM",Product,Assignments - 11 SHS,🏆 Significant Awards
Accepted at Minerva University!,College,"May 24, 2022",The last straw,"June 1, 2022","May 28, 2022 11:29 PM",Winner,Prestige,Grade 12
"Talked about innovations and iterating in O'Neill HS, Canada | Passion Project",Speaker - Knowledge Sharing,"September 17, 2021",,"September 17, 2021","March 11, 2022 4:09 AM",Experiences,International Events,Grade 12
Fullstack Bubble Developer & Product Designer | Tabangay Ta - Response to Bagyong Odette,Code - WebDev,"December 20, 2021",Built and rolled out features + redesigned site,"January 6, 2022","May 7, 2022 11:27 PM",Product,Disaster Response with Tech,Grade 12
Top 4 School-wide | Top 2 Section-wide | With High Honors @ STEC SHS,Academic Achievement,"March 11, 2022",https://www.facebook.com/photo/?fbid=520415576095086&set=g.362887838831844,,"March 11, 2022 4:09 AM",Winner,School - 12 Neuron (Senior High School),Grade 12
"Top 15% of designers - Verified Designer Skill Test ",Design - Feedback Giving,"December 12, 2021","With Nickie <3 ","December 12, 2021","December 15, 2021 5:24 PM",Winner,UI/UX Design,Grade 12
Portfolio Site | College + Work,Personal - Career,"September 30, 2021",For Clara Abbott + more,,"December 15, 2021 5:24 PM",Ongoing,Website,Grade 12
"Champions (Pos 5) | Symph's Data-Driven Dota Championship ",Gaming - Tournaments,"December 10, 2021",Was Ogre/Rubick/Lion/Lich | Pos 5 | Lion → Illus,"December 14, 2021","December 15, 2021 5:24 PM",Winner,Local Contest,Grade 12
Padayun.Ko | Centralized College Applications,Initiatives - Serving back to the community,"October 29, 2021",,,"December 15, 2021 5:24 PM",Product,Weekend Project,Grade 12
Segue MediRecords - Codeathon X | Code for Asia,Notion - Road to Ambassador,"October 19, 2021",4th place. Only 2 hours to make presentation + 10 mins to prep for pitch.,"November 3, 2021","December 15, 2021 5:24 PM",Learnings,Hackathon,Grade 12
Segue MediRecords | Doctors NaaS EMR,School - Paper Research,"September 13, 2021",Out of boredom. Commended by teacher.,"February 10, 2022","February 10, 2022 7:52 PM",Ongoing,SAAS Product,Grade 12
"Public Deliver Food → Orgs Portal | Initiative Idea ",Initiatives - Serving back to the community,"September 21, 2021",,"March 2, 2022","March 1, 2022 7:03 PM",Creation,Acts of Kindness,Grade 12
Product Design Consultant | Arde InfoTech Solutions,Teaching - Consults,"September 16, 2021",0.2%,,"September 23, 2021 11:09 PM",Experiences,Knowledge Sharing,Grade 12
Attracting your dream client challenge | The Futur,Webinars - Growth,"September 23, 2021",https://thefutur.com/aydc-thank-you,,"October 9, 2021 8:32 PM",Learnings,Workshop,Grade 12
Becoming a Notion Ambassador | Notion Tools,Ambassadorship,"September 21, 2021",,,"September 20, 2021 11:41 PM",Ongoing,Career Growth,Grade 12
Student Workhub ft. Daryl,,"September 23, 2021",,,"February 7, 2022 2:09 AM",Learnings,,Grade 12
University of British Columbia | College Application,College,"September 7, 2021",MANIFESTING!!!,,"November 28, 2021 12:01 AM",Ongoing,Application - Paperworks,Grade 12
Hypesquad Representative [BRAVERY] | Discord,Initiatives - Serving back to the community,"September 24, 2021",Disabled as of 092421,,"September 23, 2021 11:05 PM",Experiences,Creator Moment,Grade 12
Brigada Ligtas Balik Eskwela | Branding,Branding - Creative,"September 11, 2021",John Kyle,"September 12, 2021","September 23, 2021 11:54 PM",Commissions,Design - Commission,Grade 12
Unsplash Awards 2021,Photography,"October 7, 2021",,,"February 7, 2022 2:08 AM",Viral,Art - Contests,Grade 12
Reply Challenges - Cyber Security Challenge,Code - Security,"October 7, 2021",https://challenges.reply.com/tamtamy/challenge/reply-cybersecurity-challenge-2021/detail,,"February 7, 2022 2:09 AM",Experiences,Code - Contests,Grade 12
5th Indie-Siyensa,Contests - Film Making,"October 21, 2021","Was Director of Photography & Videography | Daryl, Jannie, and Koe","October 30, 2021","January 18, 2022 6:54 PM",Experiences,Local Contest,Grade 12
Salesforce Logo Design Contest | Abbott Internal,Contests - Product Design,"October 28, 2021",,"November 30, 2021","February 7, 2022 2:08 AM",Experiences,Art - Contests,Grade 12
https://taikai.network/en/gnssasia/challenges/galileohackathons/projects/ckvj0gpjs5054070s2ztdbxhq6k/idea,Contests - Product Design,"November 3, 2021",Signed up on FB,"November 14, 2021","February 17, 2022 10:32 PM",Experiences,International Events,Grade 12
GCash Fintech Engineering Cadetship Application,Personal - Career,"November 16, 2021",Software Engineering (SWE),"November 26, 2021","February 7, 2022 2:08 AM",Experiences,Career Growth,Grade 12
Unsplash | My photography reached 500K Views,Photography,"November 13, 2021",,,"November 21, 2021 5:52 PM",Winner,Unsplash,Grade 12
Dump.Waste for Glide Challenge | No-Code PH,,"December 12, 2021",,,"December 15, 2021 5:24 PM",,,Grade 12
NiceReads - Share Books You Love | Coursera Course Output,MOOCs,"November 29, 2021 1:30 AM (CST)",Build a mobile app with Google Sheets on Glide and no coding,"November 29, 2021 4:21 AM (CST)","December 4, 2021 7:30 AM",Product,No-Code App,Grade 12
Author for UX Collective (Bootcamp - Medium) | 3 Articles so far,Writing - Online Articles,"January 7, 2022",Initially did this for marketing sa Symph,"January 8, 2022","January 18, 2022 11:54 PM",Viral,Writing - Medium,Grade 12
"Monkey See, Monkey Do: Controlling Computers with the Brain | AP & BCI for BJC 2022 | Carl Kho 🇵🇭🧠",Contests - Film Making,"February 3, 2022",Neural Eng coming through,"June 26, 2022","June 27, 2022 7:18 AM",Experiences,Contests,Grade 12
Global Student Challenge 2022,Writing - Awards,"February 27, 2022",Self,"May 1, 2022","April 30, 2022 7:58 PM",Ongoing,International Events,Grade 12
SAT | CollegeBoard,,,,,"February 7, 2022 2:13 AM",,,Grade 12
Climate Science Olympiad,,"February 12, 2022",https://cso22.climatescience.org/,,"February 19, 2022 10:53 PM",Ongoing,Contests,Grade 12
Making my Webflow Course,Education - Creating Courses,"February 13, 2022",Figma → Webflow,,"February 15, 2022 9:09 PM",Product,Creator Moment,Grade 12
Awesome Design People (Podcast),Speaker - Knowledge Sharing,"March 1, 2022",,,"March 1, 2022 7:45 PM",Viral,Connection with a famous artist,Grade 12
Founded Pixsell | Partnered with Google + learned marketing,Entrepreneurship - Full-fledged Business,"March 23, 2022",Here for the growth.,,"April 1, 2022 10:34 AM",Ongoing,Sales and Marketing,Grade 12
"STEC Talk ",Speaker - Knowledge Sharing,"April 13, 2022",,,"April 13, 2022 4:15 AM",Experiences,Knowledge Sharing,Grade 12
Helped 38 Thomasians (UST students) post-internship with a talk on building their online presence,Talks - Learning with Initiative,"May 13, 2022",For the offboarded interns! Hoping they’ll fare well. <3,"May 14, 2022","June 13, 2022 6:33 AM",Experiences,Knowledge Sharing,Grade 12
Presented Segue to 23 doctors and 50 attendees for the dissemination of STEC’s capstone project,Speaker - Knowledge Sharing,"May 28, 2022",,"May 28, 2022","June 7, 2022 1:07 AM",Experiences,Science Investigatory Project,Grade 12
"Inspired XX students and praised by UP Cebu for Segue’s concept + presentation ",Talk - Inspiration,,for UP Cebu,"May 31, 2022","June 7, 2022 1:07 AM",Experiences,Knowledge Sharing,Grade 12
Edited 140 * 2 *2 Graduation Photos for STEC SHS ‘22,Photography,"June 1, 2022",,,"June 15, 2022 10:36 AM",Learnings,Batch Editing,Grade 12
Inspired 229 students by inviting speakers and leading the tech team (9) for STEMposium ‘22,Talk - Inspiration,"June 1, 2022","Thanks to Chelle! <3 

Gave BDay gift ","June 10, 2022","June 11, 2022 1:45 AM",Experiences,Facilitate / Management,Grade 12
Taught 200 attendees how to build a Shrek-y A.I. model in 5 Minute @ Google I/O Extended Cebu 2022,Talk - Inspiration,"June 13, 2022",AI? More like EZ,"July 2, 2022","July 5, 2022 10:56 PM",Viral,Code,Grade 12
Turned over Padayon Ko to STEC-SSG and trained the team of 14 to prepare Future Scholars with InfoTech (Inherited yearly),Initiatives - Serving back to the community,"June 1, 2022",,"June 24, 2022","January 23, 2023 11:58 PM",Creation,Acts of Kindness,Grade 12
Graduated from STEC-SHS | Petitioned hooding of the 139 candidates for graduation,,,,,"June 22, 2022 5:34 PM",,,Grade 12
STEC SHS Achievements,,,,,"June 29, 2022 8:16 PM",,,Grade 12
Product Dev & Automation,,,,,"November 4, 2022 1:47 PM",,,